Type,mean,min,max
similar,27492.702479338845,27489.0,27494.0
lost,82.29752066115702,81.0,86.0
noise,81.0,81.0,81.0
