Type,mean,min,max
similar,27573.702479338845,27570.0,27575.0
lost,1.2975206611570247,0.0,5.0
noise,0.0,0.0,0.0
