Mean,Min,Max
0.6501246690750122,0.19988079369068146,0.943577766418457
