Mean,Min,Max
-0.1617809534072876,-0.3261294960975647,-0.05640918016433716
