Mean,Min,Max
22.964330673217773,5.37744665145874,100.92045593261719
