Type,mean,min,max
similar,26722.677685950413,26690.0,26756.0
lost,852.3223140495868,819.0,885.0
noise,125.60330578512396,101.0,148.0
