Mean,Min,Max
-0.2510372996330261,-0.5233721733093262,-0.09999871253967285
