Mean,Min,Max
-6.047544479370117,-4.076452255249023,-0.9102935791015625
