Mean,Min,Max
0.5608683228492737,0.0026381092611700296,0.8999882340431213
