Mean,Min,Max
16.91827964782715,1.3009943962097168,100.01016235351562
