Mean,Min,Max
0.8119056224822998,0.526010274887085,0.9999869465827942
