Mean,Min,Max
22.965824127197266,5.37744665145874,100.92045593261719
