Type,mean,min,max
similar,27436.98347107438,27429.0,27442.0
lost,138.01652892561984,133.0,146.0
noise,141.70247933884298,134.0,150.0
