Type,mean,min,max
similar,27567.95867768595,27560.0,27573.0
lost,7.041322314049586,2.0,15.0
noise,10.727272727272727,3.0,19.0
