Mean,Min,Max
0.11756819486618042,0.13150256872177124,1.3053417205810547e-05
