Type,Mean,Min,Max
similar points,6.308333333333334,2.0,12.0
lost points,55080.691666666666,55075.0,55085.0
added points,55080.683333333334,55075.0,55085.0
