Type,Mean,Min,Max
Mean Values,-0.00196841557820638,-0.001972198486328125,-0.0019683837890625
Min Values,0.0,0.0,0.0
Max Values,0.0,0.0,0.0
