Mean,Min,Max
0.7404355406761169,0.36260804533958435,0.9766902327537537
