Mean,Min,Max
-0.07147008180618286,-0.1634022295475006,-0.023296713829040527
