Measurement,Mean,Min,Max
Points Per PCL,54846.0,54846.0,54846.0
Distances Mean Values,26.093793869018555,26.093793869018555,26.093793869018555
Distances Min Values,0.797902524471283,0.797902524471283,0.797902524471283
Distances Max Values,100.92045593261719,100.92045593261719,100.92045593261719
Intensities Mean Values,0.8537569046020508,0.8537569046020508,0.8537569046020508
Intensities Min Values,0.610880434513092,0.610880434513092,0.610880434513092
Intensities Max Values,0.9999996423721313,0.9999996423721313,0.9999996423721313
