Mean,Min,Max
0.7748892307281494,0.44224148988723755,0.9880287051200867
