Mean,Min,Max
-0.03701639175415039,-0.08376878499984741,-0.01195824146270752
