Type,mean,min,max
similar,9397.213114754099,9383.0,9413.0
lost,18177.786885245903,18162.0,18192.0
noise,21.0327868852459,16.0,24.0
