Type,mean,min,max
similar,9418.245901639344,9405.0,9435.0
lost,18156.754098360656,18140.0,18170.0
noise,0.0,0.0,0.0
