Mean,Min,Max
-0.6703303456306458,-0.5260081887245178,-0.6999951601028442
