Mean,Min,Max
-18.3955020904541,-4.0772600173950195,-62.50938034057617
