Mean,Min,Max
0.14157526195049286,2.0580016553140013e-06,0.29999175667762756
