Mean,Min,Max
4.570321559906006,1.3001865148544312,38.411075592041016
