Type,mean,min,max
similar,25162.495867768594,25061.0,25263.0
lost,2412.504132231405,2312.0,2514.0
noise,3621.504132231405,3521.0,3723.0
