Type,mean,min,max
similar,25043.421487603307,24944.0,25151.0
lost,2531.5785123966944,2424.0,2631.0
noise,3740.5785123966944,3633.0,3840.0
