Mean,Min,Max
-0.6344520449638367,-0.5232406258583069,1.3053417205810547e-05
