Mean,Min,Max
-16.65251350402832,-4.076786994934082,-6.65325927734375
