Mean,Min,Max
6.313310146331787,1.3006598949432373,94.26719665527344
