Mean,Min,Max
0.17745357751846313,0.0027696462348103523,1.0
