Type,Mean,Min,Max
Mean Values,-0.10451091706752777,-0.10452288389205933,-0.1044970154762268
Min Values,-0.0017704355716705322,-0.0018715858459472656,-0.0016748905181884766
Max Values,-0.07649955451488495,-0.07792109251022339,-0.07505851984024048
