Mean,Min,Max
0.35644337244832075,0.006239025022989114,0.8079568460293668
