Mean,Min,Max
0.8529808,0.61346626,0.99999964
