Mean,Min,Max
0.24408555030822754,0.0,0.9900000095367432
