Type,mean,min,max
similar,27552.595041322315,27537.0,27564.0
lost,22.40495867768595,11.0,38.0
noise,33.50413223140496,17.0,52.0
