Type,mean,min,max
similar,27421.69421487603,27406.0,27433.0
lost,153.30578512396696,142.0,169.0
noise,164.40495867768595,148.0,183.0
