Mean,Min,Max
0.9294738173484802,0.6575128436088562,1.0
