Type,mean,min,max
similar,27574.785123966944,27573.0,27575.0
lost,0.21487603305785125,0.0,2.0
noise,0.30578512396694213,0.0,2.0
