Mean,Min,Max
22.00019645690918,1.303442120552063,100.1528091430664
