Mean,Min,Max
-0.11393654346466064,-0.5233802199363708,-0.09999871253967285
