Mean,Min,Max
0.6979690790176392,0.0026300514582544565,0.8999882340431213
