Mean,Min,Max
-0.9656276702880859,-4.074004650115967,-0.7676467895507812
