Type,mean,min,max
similar,27462.619834710742,27433.0,27490.0
lost,112.3801652892562,85.0,142.0
noise,166.50413223140495,134.0,203.0
