Type,mean,min,max
similar,27332.165289256198,27302.0,27360.0
lost,242.83471074380165,215.0,273.0
noise,296.9586776859504,265.0,334.0
