Mean,Min,Max
0.07357412576675415,-0.5233721733093262,1.3053417205810547e-05
