Mean,Min,Max
0.885479748249054,0.0026381092611700296,1.0
