Mean,Min,Max
-1.0410003662109375,-4.065733909606934,0.0
