Mean,Min,Max
21.924823760986328,1.311712622642517,100.92045593261719
