Type,mean,min,max
similar,27574.87603305785,27573.0,27575.0
lost,0.12396694214876033,0.0,2.0
noise,0.1652892561983471,0.0,2.0
