Mean,Min,Max
-0.5123767852783203,-4.073514461517334,0.0
