Mean,Min,Max
0.7136197090148926,0.002798721892759204,0.8999882340431213
