Mean,Min,Max
-0.09828591346740723,-0.5232115387916565,-0.09999871253967285
