Mean,Min,Max
22.453447341918945,1.3039320707321167,100.92045593261719
