Type,mean,min,max
similar,27547.93388429752,27535.0,27560.0
lost,27.06611570247934,15.0,40.0
noise,38.107438016528924,26.0,62.0
