Mean,Min,Max
-5.342945098876953,-4.075640678405762,-0.9102935791015625
