Mean,Min,Max
0.5807134509086609,0.0027317011263221502,0.8999882340431213
