Mean,Min,Max
17.622879028320312,1.3018062114715576,100.01016235351562
