Mean,Min,Max
-0.23119217157363892,-0.5232785940170288,-0.09999871253967285
