Type,mean,min,max
similar,26965.165289256198,26901.0,27019.0
lost,609.8347107438017,556.0,674.0
noise,841.6776859504132,778.0,903.0
