Type,mean,min,max
similar,27093.909090909092,27028.0,27150.0
lost,481.09090909090907,425.0,547.0
noise,712.9338842975206,648.0,774.0
