Mean,Min,Max
10.86187744140625,1.3009463548660278,100.01016235351562
