Mean,Min,Max
0.44752320647239685,0.0027903399895876646,1.0
