Mean,Min,Max
-0.36438241600990295,-0.5232199430465698,1.3053417205810547e-05
