Mean,Min,Max
-12.103946685791016,-4.076500415802002,-0.9102935791015625
