Type,mean,min,max
similar,27573.76859504132,27571.0,27575.0
lost,1.2314049586776858,0.0,4.0
noise,1.7603305785123966,0.0,5.0
