Mean,Min,Max
-1.8020553588867188,-4.065381050109863,-0.9102935791015625
