Mean,Min,Max
0.6745848655700684,0.0027295099571347237,0.8999882340431213
