Mean,Min,Max
21.163768768310547,1.3120654821395874,100.01016235351562
