Mean,Min,Max
-0.13732075691223145,-0.5232807397842407,-0.09999871253967285
