Type,mean,min,max
similar,22892.89256198347,22875.0,22917.0
lost,4682.107438016529,4658.0,4700.0
noise,114.48760330578513,111.0,117.0
