Type,mean,min,max
similar,22947.909090909092,22930.0,22972.0
lost,4627.090909090909,4603.0,4645.0
noise,59.47107438016529,57.0,61.0
