Mean,Min,Max
-5.13136100769043,-4.077291965484619,-1.1608505249023438
