Mean,Min,Max
0.3654516637325287,0.0003229503345210105,0.759784460067749
