Mean,Min,Max
-0.4464539587497711,-0.5256873369216919,-0.24020248651504517
