Mean,Min,Max
17.834463119506836,1.3001545667648315,99.75960540771484
