Type,mean,min,max
similar,25590.677685950413,25478.0,25677.0
lost,1984.3223140495868,1898.0,2097.0
noise,2843.1074380165287,2740.0,2966.0
