Type,mean,min,max
similar,25713.438016528926,25607.0,25799.0
lost,1861.5619834710744,1776.0,1968.0
noise,2720.3471074380163,2617.0,2837.0
