Mean,Min,Max
7.254121780395508,1.3002370595932007,96.98152160644531
