Mean,Min,Max
-15.711702346801758,-4.07720947265625,-3.938934326171875
