Mean,Min,Max
-0.5710005164146423,-0.5232115387916565,1.3053417205810547e-05
