Mean,Min,Max
0.24090510606765747,0.002798721892759204,1.0
