Mean,Min,Max
22.970488,5.3774467,100.920456
