Mean,Min,Max
0.811943,0.5260103,0.99998695
