Type,mean,min,max
similar,27569.669421487604,27564.0,27574.0
lost,5.330578512396694,1.0,11.0
noise,7.87603305785124,2.0,14.0
