Mean,Min,Max
19.69146728515625,1.3032383918762207,100.92045593261719
