Mean,Min,Max
-3.2743568420410156,-4.0742082595825195,0.0
