Mean,Min,Max
-0.17734146118164062,-0.523290753364563,-0.1000095009803772
