Mean,Min,Max
0.6345641613006592,0.0027195161674171686,0.899977445602417
